{
    "Naive Bayes": {
        "accuracy": 0.915,
        "precision": 0.85,
        "recall": 0.864406779661017,
        "f1_score": 0.8571428571428571
    },
    "Random Forest": {
        "accuracy": 0.9975,
        "precision": 1.0,
        "recall": 0.9915254237288136,
        "f1_score": 0.9957446808510638
    },
    "Logistic Regression": {
        "accuracy": 0.89,
        "precision": 0.8303571428571429,
        "recall": 0.788135593220339,
        "f1_score": 0.808695652173913
    },
    "SVM": {
        "accuracy": 0.895,
        "precision": 0.8166666666666667,
        "recall": 0.8305084745762712,
        "f1_score": 0.8235294117647058
    }
}

